<?xml version="1.0" encoding="UTF-8"?>
<GenRun Id="impl_1" LaunchPart="xc7a100tcsg324-1" LaunchTime="1593625874">
  <File Type="PA-TCL" Name="test_cam.tcl"/>
  <File Type="BITSTR-BMM" Name="test_cam_bd.bmm"/>
  <File Type="REPORTS-TCL" Name="test_cam_reports.tcl"/>
  <File Type="OPT-DCP" Name="test_cam_opt.dcp"/>
  <File Type="OPT-HWDEF" Name="test_cam.hwdef"/>
  <File Type="PWROPT-DCP" Name="test_cam_pwropt.dcp"/>
  <File Type="PLACE-DCP" Name="test_cam_placed.dcp"/>
  <File Type="PLACE-PRE-SIMILARITY" Name="test_cam_incremental_reuse_pre_placed.rpt"/>
  <File Type="POSTPLACE-PWROPT-DCP" Name="test_cam_postplace_pwropt.dcp"/>
  <File Type="BG-BIN" Name="test_cam.bin"/>
  <File Type="PHYSOPT-DCP" Name="test_cam_physopt.dcp"/>
  <File Type="BITSTR-MSK" Name="test_cam.msk"/>
  <File Type="ROUTE-ERROR-DCP" Name="test_cam_routed_error.dcp"/>
  <File Type="ROUTE-DCP" Name="test_cam_routed.dcp"/>
  <File Type="ROUTE-BLACKBOX-DCP" Name="test_cam_routed_bb.dcp"/>
  <File Type="BITSTR-MMI" Name="test_cam.mmi"/>
  <File Type="ROUTE-TIMING-PB" Name="test_cam_timing_summary_routed.pb"/>
  <File Type="POSTROUTE-PHYSOPT-DCP" Name="test_cam_postroute_physopt.dcp"/>
  <File Type="POSTROUTE-PHYSOPT-BLACKBOX-DCP" Name="test_cam_postroute_physopt_bb.dcp"/>
  <File Type="BG-BIT" Name="test_cam.bit"/>
  <File Type="BITSTR-RBT" Name="test_cam.rbt"/>
  <File Type="BITSTR-NKY" Name="test_cam.nky"/>
  <File Type="PDI-FILE" Name="test_cam.pdi"/>
  <File Type="RCFI_FILE" Name="test_cam.rcfi"/>
  <File Type="CFI_FILE" Name="test_cam.cfi"/>
  <File Type="WBT-USG" Name="usage_statistics_webtalk.html"/>
  <File Type="RNPI_FILE" Name="test_cam.rnpi"/>
  <File Type="NPI_FILE" Name="test_cam.npi"/>
  <File Type="RBD_FILE" Name="test_cam.rbd"/>
  <File Type="BITSTR-LTX" Name="test_cam.ltx"/>
  <File Type="BITSTR-SYSDEF" Name="test_cam.sysdef"/>
  <File Type="BG-BGN" Name="test_cam.bgn"/>
  <File Type="BG-DRC" Name="test_cam.drc"/>
  <File Type="RDI-RDI" Name="test_cam.vdi"/>
  <FileSet Name="sources" Type="DesignSrcs" RelSrcDir="$PSRCDIR/sources_1">
    <Filter Type="Srcs"/>
    <File Path="$PSRCDIR/sources_1/new/VGA_driver.v">
      <FileInfo>
        <Attr Name="UsedIn" Val="synthesis"/>
        <Attr Name="UsedIn" Val="implementation"/>
        <Attr Name="UsedIn" Val="simulation"/>
      </FileInfo>
    </File>
    <File Path="$PSRCDIR/sources_1/new/buffer_ram_dp.v">
      <FileInfo>
        <Attr Name="UsedIn" Val="synthesis"/>
        <Attr Name="UsedIn" Val="implementation"/>
        <Attr Name="UsedIn" Val="simulation"/>
      </FileInfo>
    </File>
    <File Path="$PSRCDIR/sources_1/new/test_cam.v">
      <FileInfo>
        <Attr Name="UsedIn" Val="synthesis"/>
        <Attr Name="UsedIn" Val="implementation"/>
        <Attr Name="UsedIn" Val="simulation"/>
      </FileInfo>
    </File>
    <File Path="$PSRCDIR/sources_1/new/PLL/cl_25_24.v">
      <FileInfo>
        <Attr Name="AutoDisabled" Val="1"/>
        <Attr Name="UsedIn" Val="synthesis"/>
        <Attr Name="UsedIn" Val="implementation"/>
        <Attr Name="UsedIn" Val="simulation"/>
      </FileInfo>
    </File>
    <Config>
      <Option Name="DesignMode" Val="RTL"/>
      <Option Name="TopModule" Val="test_cam"/>
      <Option Name="TopAutoSet" Val="TRUE"/>
    </Config>
  </FileSet>
  <FileSet Name="constrs_in" Type="Constrs" RelSrcDir="$PSRCDIR/constrs_1">
    <Filter Type="Constrs"/>
    <Config>
      <Option Name="ConstrsType" Val="XDC"/>
    </Config>
  </FileSet>
  <FileSet Name="utils" Type="Utils" RelSrcDir="$PSRCDIR/utils_1">
    <Filter Type="Utils"/>
    <Config>
      <Option Name="TopAutoSet" Val="TRUE"/>
    </Config>
  </FileSet>
  <Strategy Version="1" Minor="2">
    <StratHandle Name="Vivado Implementation Defaults" Flow="Vivado Implementation 2019"/>
    <Step Id="init_design"/>
    <Step Id="opt_design"/>
    <Step Id="power_opt_design"/>
    <Step Id="place_design"/>
    <Step Id="post_place_power_opt_design"/>
    <Step Id="phys_opt_design" EnableStepBool="1"/>
    <Step Id="route_design"/>
    <Step Id="post_route_phys_opt_design"/>
    <Step Id="write_bitstream"/>
    <Step Id="write_device_image"/>
  </Strategy>
</GenRun>
